{"cameraMode":{"drawMode":0,"name":"Shaded","section":"Shading Mode"},"sceneLighting":true,"audioPlay":false,"sceneViewState":{"showFog":true,"showMaterialUpdate":false,"showSkybox":true,"showFlares":true,"showImageEffects":true,"showParticleSystems":true},"in2DMode":false,"pivot":{"x":-5.506584167480469,"y":-2.2579734325408937,"z":11.853944778442383},"rotation":{"x":-0.10007212311029434,"y":0.7830175757408142,"z":-0.130632683634758,"w":-0.5998368859291077},"size":10.198873519897461,"orthographic":false}